Sorting Methods/Array Fill Methods/Milliseconds,Passed Validation,Random Array,Increasing Array,Decreasing Array,Linear Increasing Array,Linear Decreasing Array,Repeating Array,Almost Random Array,Almost Increasing Array,Almost Decreasing Array,Almost Linear Increasing Array,Almost Linear Decreasing Array,Almost Repeating Array
Insertion Sort,Passed,842.209500,834.703500,838.487300,0.191300,1665.408800,0.190200,832.885800,831.423700,833.874000,287.273400,1379.366600,338.885500
Selection Sort,Passed,1875.400500,1873.361600,1881.285600,1911.499200,1826.446200,1915.499200,1872.040900,1875.174000,1882.016500,1926.108000,1908.929700,1857.818400
Bubble Sort,Passed,17933.986400,11819.567800,11877.622500,0.057900,21296.695000,0.060500,17919.657600,17105.252000,16547.589800,7185.687200,19994.685200,8169.474300
Gnome Sort,Passed,13077.684800,13012.157700,13026.046400,0.110700,26067.427300,0.112800,13049.779400,13030.582200,13064.110100,4483.086000,21598.490300,5286.759400
Quick Sort,Passed,6.351200,5.653100,5.699600,1.464800,1.752000,0.099900,6.409100,5.964900,5.983200,3.433400,4.542600,0.410300
Merge Sort,Passed,11.895300,7.353700,7.450500,6.941900,6.815700,6.728700,11.246000,10.267000,10.500100,8.132900,8.337100,7.419800
Built in Sort,Passed,4.166900,3.645100,3.731700,0.714100,0.456100,0.588000,4.215500,4.055000,4.097500,2.013200,2.744800,0.904700
Built in Quick Sort,Passed,7.825100,7.223100,7.258100,2.413800,2.499000,0.231200,7.748800,7.443100,7.600800,4.455700,5.928000,0.702200